id,variant,metric,direction,xlfn_status,excel_dna_status,xlfn_value,excel_dna_value,xlfn_advantage_ratio,comparable,reason,xlfn_speedup,xlfn_parallel_efficiency,excel_dna_speedup,excel_dna_parallel_efficiency,xlfn_baseline_fraction,excel_dna_baseline_fraction
A01,immediate,throughput_per_s,higher,ok,error,,,,False,missing or failed run,,,,,,
A02,100000us,cell_latency_p50_s,lower,ok,error,,,,False,missing or failed run,,,,,,
A02,10000us,cell_latency_p50_s,lower,ok,ok,0.06329840002581477,0.11213610001141205,1.7715471475689744,True,,,,,,,
A02,1000us,cell_latency_p50_s,lower,ok,error,,,,False,missing or failed run,,,,,,
A02,100us,cell_latency_p50_s,lower,ok,error,,,,False,missing or failed run,,,,,,
A03,100,throughput_per_s,higher,error,ok,,,,False,missing or failed run,,,,,,
A03,1000,throughput_per_s,higher,error,ok,,,,False,missing or failed run,,,,,,
A03,4096,throughput_per_s,higher,error,error,,,,False,missing or failed run,,,,,,
A04,burst-4096,cell_latency_p99_s,lower,error,error,,,,False,missing or failed run,,,,,,
A05,clear,task_cleanup_observed_s,lower,error,ok,,,,False,missing or failed run,,,,,,
A05,close,task_cleanup_observed_s,lower,error,ok,,,,False,missing or failed run,,,,,,
A05,recalc,task_cleanup_observed_s,lower,error,ok,,,,False,missing or failed run,,,,,,
A06,repeated,dirty_generations_per_s,higher,ok,error,,,,False,missing or failed run,,,,,,
C01,cold,startup_to_ready_s,lower,ok,ok,1.4045117000350729,1.3444069999968633,0.9572059812412324,True,,,,,,,
C02,10,registration_load_s,lower,error,ok,,,,False,missing or failed run,,,,,,
C02,100,registration_load_s,lower,ok,ok,0.03252550004981458,0.17915770004037768,5.508222771855555,True,,,,,,,
C02,1000,registration_load_s,lower,ok,ok,0.3061442000325769,0.3396899999352172,1.109575160656549,True,,,,,,,
C02,5000,registration_load_s,lower,ok,ok,5.550277400063351,2.7667920999228954,0.49849618325226686,True,,,,,,,
C03,first,first_call_s,lower,ok,ok,0.2828521999763325,0.2791924000484869,0.9870610872810894,True,,,,,,,
C04,warm-open,open_to_complete_s,lower,ok,ok,0.36309260001871735,0.29821040004026145,0.8213067411037536,True,,,,,,,
L01,async,peak_rss_per_cell_bytes,lower,ok,error,,,,False,missing or failed run,,,,,,
L01,matrix,peak_rss_per_cell_bytes,lower,ok,ok,4020.224,1990.656,0.4951604686704024,True,,,,,,,
L01,rtd,peak_rss_per_cell_bytes,lower,ok,ok,5611.9296,4463.4112,0.7953434055908326,True,,,,,,,
L01,scalar,peak_rss_per_cell_bytes,lower,ok,ok,4337.2544,2462.5152,0.5677589951836811,True,,,,,,,
L02,100,latency_drift_ratio,lower,ok,ok,0.5809540549770159,0.821786710934166,1.4145468198284252,True,,,,,,,
L02,1000,latency_drift_ratio,lower,ok,ok,1.1802445002463025,0.8311078112054372,0.7041827443652525,True,,,,,,,
L03,async,p99_s,lower,ok,error,,,,False,missing or failed run,,,,,,
L03,rtd,p99_s,lower,error,error,,,,False,missing or failed run,,,,,,
L03,scalar,p99_s,lower,ok,ok,0.010583997905487195,0.006205805971985684,0.5863385487603252,True,,,,,,,
M01,1000x100,ns_per_element,lower,ok,ok,49.99500000849366,29.554999782703817,0.5911591114648007,True,,,,,,,
M01,100x100,ns_per_element,lower,ok,ok,283.29999768175185,226.24999983236194,0.7986233733984084,True,,,,,,,
M01,10x10,ns_per_element,lower,ok,ok,27305.00011239201,12581.999762915075,0.4607947156610669,True,,,,,,,
M02,1000x100,ns_per_element,lower,ok,ok,74.45900002494454,52.21500003244728,0.7012584108698036,True,,,,,,,
M02,100x100,ns_per_element,lower,ok,ok,266.06000028550625,137.21000286750495,0.5157107521621676,True,,,,,,,
M02,10x10,ns_per_element,lower,ok,ok,12884.000316262245,9427.000186406076,0.7316827037412652,True,,,,,,,
M03,1000x100,ns_per_element,lower,ok,ok,88.0370003869757,60.73500029742718,0.6898803915451484,True,,,,,,,
M03,100x100,ns_per_element,lower,ok,ok,219.11999792791903,139.41999641247094,0.6362723518203668,True,,,,,,,
M03,10x10,ns_per_element,lower,ok,ok,16757.999546825886,7976.00019723177,0.47595180886268107,True,,,,,,,
M04,1000x10,ns_per_element,lower,ok,ok,267.14999694377184,154.51000072062016,0.578364224174558,True,,,,,,,
M04,100x100,ns_per_element,lower,ok,ok,261.73999649472535,178.34000173024833,0.6813632005754316,True,,,,,,,
M04,10x1000,ns_per_element,lower,ok,ok,254.6300005633384,178.78999933600426,0.7021560654300467,True,,,,,,,
M05,1000x100,p50_s,lower,ok,ok,0.009416399989277124,0.008539000002201647,0.9068221413624514,True,,,,,,,
M05,100x100,p50_s,lower,ok,ok,0.003558000025805086,0.0028371999505907297,0.7974142580138803,True,,,,,,,
M05,10x10,p50_s,lower,ok,ok,0.002258800028357655,0.0019029999966733158,0.8424827221456002,True,,,,,,,
P01,1,calls_per_s,higher,ok,ok,9044.29806788769,9297.56868621697,0.9727594786468492,True,,1.0,1.0,1.0,1.0,,
P01,16,calls_per_s,higher,ok,ok,55419.77719873455,60506.31685475035,0.9159337417905241,True,,6.127592963295373,0.3829745602059608,6.507756909012887,0.4067348068133054,,
P01,2,calls_per_s,higher,ok,ok,17388.219841953603,18220.611509314225,0.9543159313322108,True,,1.9225615643619152,0.9612807821809576,1.9597178707940148,0.9798589353970074,,
P01,4,calls_per_s,higher,ok,ok,33171.566684364094,34992.44167484967,0.9479637629347166,True,,3.6676772962781583,0.9169193240695396,3.7636120641650814,0.9409030160412704,,
P01,8,calls_per_s,higher,ok,ok,50475.98862442364,62116.81689312601,0.8125977979726362,True,,5.5809735864015355,0.6976216983001919,6.680974240632401,0.8351217800790501,,
P02,1,calls_per_s,higher,ok,ok,172028.80444998448,363832.17110765085,0.47282461011146953,True,,1.0,1.0,1.0,1.0,,
P02,16,calls_per_s,higher,ok,ok,450736.7300463043,1115411.6440811728,0.40409900007597777,True,,2.6201235978324267,0.16375772486452667,3.0657312152617315,0.19160820095385822,,
P02,2,calls_per_s,higher,ok,ok,275137.98189176957,654994.6612762915,0.42006141142532183,True,,1.5993715864703517,0.7996857932351759,1.8002659283323554,0.9001329641661777,,
P02,4,calls_per_s,higher,ok,ok,429059.32935728,1052808.8906281954,0.40753771475207307,True,,2.4941133011362893,0.6235283252840723,2.8936662951575265,0.7234165737893816,,
P02,8,calls_per_s,higher,ok,ok,429226.9197044084,1158560.611139846,0.3704829212880929,True,,2.49508750047264,0.31188593755908,3.1843270143284017,0.3980408767910502,,
P03,1000us-1,calls_per_s,higher,ok,ok,987.3774652598734,992.0644762316871,0.9952754976273144,True,,1.0,1.0,1.0,1.0,,
P03,1000us-16,calls_per_s,higher,ok,ok,7749.781262562675,7871.319664935567,0.984559335975858,True,,7.8488536909468225,0.4905533556841764,7.934282351117364,0.49589264694483526,,
P03,1000us-2,calls_per_s,higher,ok,ok,1962.7659376545555,1974.9704100190577,0.9938204277377581,True,,1.987857741049381,0.9939288705246905,1.9907681983744596,0.9953840991872298,,
P03,1000us-4,calls_per_s,higher,ok,ok,3898.4698118531905,3930.4761658623192,0.9918568762006201,True,,3.948307459930869,0.9870768649827173,3.961916044803921,0.9904790112009803,,
P03,1000us-8,calls_per_s,higher,ok,ok,7514.305359063928,7742.91059127665,0.9704755428184495,True,,7.610367487054403,0.9512959358818004,7.804846133275281,0.9756057666594101,,
P03,100us-1,calls_per_s,higher,ok,ok,9074.673677109353,9316.00060328667,0.9740954368238043,True,,1.0,1.0,1.0,1.0,,
P03,100us-16,calls_per_s,higher,ok,ok,56803.33549874279,63287.934788705854,0.8975381435401131,True,,6.259545799649837,0.3912216124781148,6.793466153960743,0.42459163462254645,,
P03,100us-2,calls_per_s,higher,ok,ok,17604.332075872688,18497.45197381579,0.9517165986316729,True,,1.939941060390876,0.969970530195438,1.9855571893468877,0.9927785946734439,,
P03,100us-4,calls_per_s,higher,ok,ok,32366.230385524115,34326.0424830049,0.9429059700531716,True,,3.5666550156141876,0.8916637539035469,3.6846329175735275,0.9211582293933819,,
P03,100us-8,calls_per_s,higher,ok,ok,54999.44991807677,60957.0252892754,0.902265976022836,True,,6.060763381146318,0.7575954226432897,6.543261200280501,0.8179076500350626,,
P04,1,calls_per_s,higher,ok,ok,169445.57404198707,380463.93744887837,0.4453656637687373,True,,1.0,1.0,1.0,1.0,,
P04,16,calls_per_s,higher,ok,ok,456427.1792201905,1098189.0848110209,0.4156180256505952,True,,2.6936506415156765,0.16835316509472978,2.886447246944609,0.18040295293403807,,
P04,2,calls_per_s,higher,ok,ok,244823.81279761158,629635.693605328,0.3888340754567728,True,,1.4448522139442042,0.7224261069721021,1.654915569205373,0.8274577846026865,,
P04,4,calls_per_s,higher,ok,ok,436159.3548821949,1053418.8656283552,0.41404171608606005,True,,2.574038049374595,0.6435095123436487,2.76877454586586,0.692193636466465,,
P04,8,calls_per_s,higher,ok,ok,421080.999480863,1065814.012934279,0.39507924869705013,True,,2.4850516271172887,0.3106314533896611,2.8013535792140316,0.35016919740175395,,
R01,100,subscription_s,lower,ok,ok,0.35685779998311773,0.331262500025332,0.9282759128173838,True,,,,,,,
R01,1000,subscription_s,lower,ok,ok,0.39049130002968013,0.4085316999698989,1.0461992365485417,True,,,,,,,
R01,10000,subscription_s,lower,ok,ok,0.9177753999829292,1.0880248000030406,1.1855022481788877,True,,,,,,,
R01,100000,subscription_s,lower,ok,ok,5.756495699984953,7.451561099966057,1.2944613334785493,True,,,,,,,
R02,shared,update_settle_s,lower,ok,error,,,,False,missing or failed run,,,,,,
R03,10000-10,update_cells_per_s,higher,error,ok,,,,False,missing or failed run,,,,,,
R03,10000-100,update_cells_per_s,higher,error,error,,,,False,missing or failed run,,,,,,
R03,100000-1000,update_cells_per_s,higher,error,error,,,,False,missing or failed run,,,,,,
R04,1000hz,observed_updates_per_s,higher,error,error,,,,False,missing or failed run,,,,,,
R04,100hz,observed_updates_per_s,higher,error,error,,,,False,missing or failed run,,,,,,
R04,10hz,observed_updates_per_s,higher,error,error,,,,False,missing or failed run,,,,,,
R04,1hz,observed_updates_per_s,higher,ok,ok,0.2,0.9,0.22222222222222224,True,,,,,,,
R04,2000hz,observed_updates_per_s,higher,error,error,,,,False,missing or failed run,,,,,,
R05,burst,cell_latency_p99_s,lower,error,error,,,,False,missing or failed run,,,,,,
R06,churn,ops_per_s,higher,ok,ok,39131.91329067158,30335.282222826274,1.2899801954447003,True,,,,,,,
R07,long,p95_s,lower,error,error,,,,False,missing or failed run,,,,,,
S01,1000,p50_s,lower,ok,ok,0.008034300000872463,0.005233400035649538,0.6513822031889811,True,,,,,,,
S01,10000,p50_s,lower,ok,ok,0.059116900025401264,0.02741859998786822,0.46380307451992636,True,,,,,,,
S01,100000,p50_s,lower,ok,ok,0.6684404000407085,0.2950101000024006,0.44134091832934436,True,,,,,,,
S02,2,ns_per_call,lower,ok,ok,5896.87000028789,2841.430000262335,0.48185393270050275,True,,,,,,,
S02,4,ns_per_call,lower,ok,ok,6178.69000416249,3323.219995945692,0.5378518737316306,True,,,,,,,
S02,8,ns_per_call,lower,ok,ok,6410.249997861683,3850.110003259033,0.600617761326523,True,,,,,,,
S03,0us,p50_s,lower,ok,ok,0.01043349999235943,0.0049572999705560505,0.4751329826219713,True,,,,,,1.0,1.0
S03,1000us,p50_s,lower,ok,ok,1.0134579000296071,1.0092115000006743,0.9958099887239432,True,,,,,,0.010294951563409418,0.0049120525980458395
S03,100us,p50_s,lower,ok,ok,0.11015770002268255,0.10815599997295067,0.9818287777493565,True,,,,,,0.0947142141694232,0.045834719958170136
S03,10us,p50_s,lower,ok,ok,0.01935130002675578,0.015580899955239147,0.8051603733959193,True,,,,,,0.5391627424479859,0.3181651884549285
S03,1us,p50_s,lower,ok,ok,0.010279799986165017,0.00608640001155436,0.5920737776752165,True,,,,,,1.0149516533785938,0.8144880325225359
S04,period-0,calls_per_s,higher,ok,ok,171063.57060740527,335375.772058524,0.5100653799689329,True,,,,,,,
S04,period-10,calls_per_s,higher,ok,ok,175384.75033154173,332276.6934739732,0.5278274214717963,True,,,,,,,
S04,period-100,calls_per_s,higher,ok,ok,170508.21693939125,336579.07715270115,0.506591848732279,True,,,,,,,
S04,period-2,calls_per_s,higher,ok,ok,165530.0271698604,320726.63842840644,0.51610938206123,True,,,,,,,
T01,ascii-4096,ns_per_char,lower,ok,ok,6.093359374403917,4.322192381778223,0.709328322228006,True,,,,,,,
T01,ascii-512,ns_per_char,lower,ok,ok,35.22851557136164,31.292382800529595,0.8882685600856867,True,,,,,,,
T01,ascii-64,ns_per_char,lower,ok,ok,205.15468713711016,139.6687503074645,0.6807972669623692,True,,,,,,,
T01,ascii-8,ns_per_char,lower,ok,ok,1203.4499959554523,665.6375044258311,0.5531077374738474,True,,,,,,,
T01,ja-4096,ns_per_char,lower,ok,ok,11.228222646764152,8.281982417202016,0.737604042754602,True,,,,,,,
T01,ja-512,ns_per_char,lower,ok,ok,54.71699216741399,46.43750003197056,0.8486851742487742,True,,,,,,,
T01,ja-64,ns_per_char,lower,ok,ok,230.42812517815037,165.0984377192799,0.7164856182015009,True,,,,,,,
T01,ja-8,ns_per_char,lower,ok,ok,1573.8000001874752,1164.674999017734,0.7400400297871361,True,,,,,,,
T02,ascii-4096,ns_per_char,lower,ok,ok,5.73662109104589,5.598950195917496,0.9760013964765286,True,,,,,,,
T02,ascii-512,ns_per_char,lower,ok,ok,35.04433595935552,27.641406290968007,0.7887553162093457,True,,,,,,,
T02,ascii-64,ns_per_char,lower,ok,ok,209.86875006201444,164.3453124415828,0.7830861545276281,True,,,,,,,
T02,ascii-8,ns_per_char,lower,ok,ok,1640.5874994234182,1074.6000043582171,0.6550092602411536,True,,,,,,,
T02,ja-4096,ns_per_char,lower,ok,ok,14.118066403057128,9.180761722404895,0.6502846395747857,True,,,,,,,
T02,ja-512,ns_per_char,lower,ok,ok,57.446484333922854,44.7296874881431,0.7786322871934162,True,,,,,,,
T02,ja-64,ns_per_char,lower,ok,ok,264.8703130034846,173.60312449454796,0.6554268861843495,True,,,,,,,
T02,ja-8,ns_per_char,lower,ok,ok,1749.1249964223243,1149.7875020722859,0.6573501061525456,True,,,,,,,
T03,ascii-4096,ns_per_char,lower,ok,ok,8.63339843704125,7.602465814215975,0.8805878553685069,True,,,,,,,
T03,ascii-512,ns_per_char,lower,ok,ok,45.21640630628099,41.60234368555393,0.920071873995324,True,,,,,,,
T03,ascii-64,ns_per_char,lower,ok,ok,221.4765627286397,190.303124327329,0.8592472358372952,True,,,,,,,
T03,ascii-8,ns_per_char,lower,ok,ok,1235.8125022728927,758.537498768419,0.6137965891859204,True,,,,,,,
T03,ja-4096,ns_per_char,lower,ok,ok,21.721313473221926,14.69174804924478,0.6763747536426281,True,,,,,,,
T03,ja-512,ns_per_char,lower,ok,ok,78.69843750540895,66.8060546331617,0.8488866710799704,True,,,,,,,
T03,ja-64,ns_per_char,lower,ok,ok,285.12968765426194,203.27656238805503,0.7129266828031633,True,,,,,,,
T03,ja-8,ns_per_char,lower,ok,ok,1853.9125012466684,1428.4624994616024,0.7705123615602295,True,,,,,,,
W01,mixed,end_to_end_s,lower,error,error,,,,False,missing or failed run,,,,,,
W02,finance,end_to_end_s,lower,error,ok,,,,False,missing or failed run,,,,,,
W03,10000,p50_s,lower,ok,ok,0.055795200052671134,0.02709979994688183,0.48570127755253845,True,,,,,,,
W03,100000,p50_s,lower,ok,ok,0.6260104000102729,0.3275119001045823,0.5231732573439799,True,,,,,,,
